best_parts,enhanced_learning,improve_course
I valued the practical clinical aspects related to immune-related disorders and their management.,The illustrative visuals and straightforward explanatory clips.,Consider reducing the duration of certain videos. A few appeared to be slightly prolonged.
The flexibility to learn at a self-determined speed,The opportunity to review the lecture content,"The pace of some lectures could be slowed down. At times, it's challenging to follow the lecturer's speech or decipher their handwriting."
The educational content was extremely enriching and stimulating! The section on oncology was the highlight.,the self-assessment activities.,Nothing specific comes to mind.
Professional growth within the medical sector,"The practical integration workshops were highly beneficial, they significantly contributed to a deeper comprehension of the theories and their implementation in a healthcare environment.",Incorporating a few advanced projects as optional tasks could benefit learners who wish to delve deeper into the subject matter. These projects wouldn't need to influence exam scores.
The highlights of the class included the practical demonstration clips that made the complex biological principles more understandable by connecting them to daily well-being and actions. This connection was incredibly beneficial as I navigated the course content.,"The aspect of the course that most facilitated my learning was the regular assessments provided at each segment, which helped confirm my grasp of the material presented. These checkpoints effectively guided me in the correct learning direction. It's evident that considerable effort was invested in designing these educational modules to enable students to gain a deep comprehension rather than just a superficial understanding of the subject matter.","Extend the duration of the concept videos for the more challenging topics, as they require a deeper dive to fully grasp the intricacies involved. Additionally, consider introducing an additional educator to the mix. The dynamic of having multiple voices in another subject area is quite engaging, and it would be beneficial to replicate that experience in this subject to prevent monotony from setting in with just one instructor."
"I found the practical exercises to be particularly beneficial. The fundamental principles were effectively conveyed, providing a solid base. The intensive sessions were successful in presenting a more detailed understanding of the underlying scientific concepts.","I found the instructional videos and the use of a digital board for explanations particularly effective. The inclusion of lesson recaps also greatly contributed to the learning experience. Viewing actual footage from laboratory settings and management demonstrations was insightful, especially the segments featuring laboratory work.","Educationally, I found the course to be of exceptional quality; the resources provided were excellent and the course was well organized. It would be beneficial to include more comprehensive discussions on a wider variety of treatments for cancer. Topics like circulating tumor DNA and the progression of tumors were addressed somewhat superficially. Expanding on the practical consequences and real-life instances of therapeutic approaches and patient scenarios would be a valuable enhancement."
Educational recordings featuring actual medical scenarios.,Concept Key,Everything is ideal as it stands.
Sensitivities,Everything was satisfactory.,OUTSTANDING
"The content was highly captivating, with quiz items that were appropriately difficult yet manageable. The assessments focused on key principles, and I believe I have thoroughly grasped the fundamental concepts of the subject matter following this class.","Certainly, the graphical elements were beneficial as I absorb information best through visual means. Observing the multimedia presentations alongside the instructor's explanations solidified various principles for me. Additionally, the periodic assessments were highly effective.",Extend the duration! The course felt too brief with just a three-week timeframe; I was eager to delve deeper into the subject matter.
The visual lectures,The segment on selecting the appropriate genetic analysis.,It's excellent.
"The hands-on interactive modules related to fluid dynamics were particularly beneficial, as I absorbed more knowledge by actively adjusting the parameters than through passive listening or reading. Equally informative were the visual aids that clarified the application of certain medical treatments.","I believe the hands-on segments, particularly those involving patient scenarios, were the most enlightening. This is because my goal in studying biomedical science is to comprehend how the body functions in both wellness and disease.",Incorporating additional visual aids could enhance and solidify the understanding of the material.
The practical application segments of the lessons were beneficial. They aided in deepening comprehension of the molecular processes.,The visual content was beneficial in reinforcing the understanding of the subject matter.,"It would be beneficial if the course content was more aligned with the foundational topics. Additionally, aligning the chapter assessments more closely with the content presented in the videos and lessons would enhance understanding. At times, the questions in the review seemed unrelated to the material covered."
Practice Questions,Illustrative videos,The educational videos related to practical applications were excessively lengthy.
Superb elucidation. The video content was lucid. I gained considerable knowledge from this class.,the instructional recordings that demonstrated the practical application of the course material,nothing more
Review of basic immunological principles,The multimedia elements such as video content and visual illustrations,The course is generally well-executed despite the limitations of the online setting.
"comprehensive summary, encompassing emerging treatments currently under research",Excellent instructional recordings. Appreciated the preliminary summary sections.,
Engaging and informative visual content that integrates theoretical concepts with practical clinical applications.,The section on the body's defense mechanisms. The content provided insights that were new to me.,Increase the number of tries for the final assessment.
The practical exercises in the laboratory and their relevance to real-world health conditions or metabolic processes in organisms.,"As mentioned previously, the practical clinical aspects.","Overall, the course was quite satisfactory."
"Organization, progression, scholarly debates, and narratives of actual patients",The in-depth scientific debates,"The section involving microscopic imagery, where indicators were used to highlight specific cellular structures, progressed too quickly for those with limited experience."
I appreciate the comprehensive examination of the primary oncological pathways. It provided a structured recapitulation that was beneficial.,The animated visuals were quite effective in conveying the concepts.,"It would be beneficial to include additional case studies, particularly those involving uncommon situations."
-,-,No feedback provided.
"The graphical presentations and interactive dialogues about emerging innovations in the field of precision medicine, as well as the kinds of studies being conducted in educational institutions, were quite engaging.",The instructor's clear yet detailed descriptions enhanced comprehension. The organization of subjects into distinct categories facilitated easy grasping of the material.,It would be beneficial to include more content on the typical challenges encountered when introducing these beneficial innovations to patients and lesser-known regions.
The course excelled in breaking down complex topics into digestible parts that were straightforward to grasp.,Quiz,I'm satisfied with the current format.
"I found the instructional videos to be exceptionally clear, and the quizzes were well-aligned with the educational goals. Additionally, the practical application in a clinical setting was valuable, as it demonstrated real-world interactions.",The practical application aspects,"Perhaps incorporating a more engaging element in the practical sessions, such as a simulation tool where learners can engage with patient cases, propose therapeutic strategies, and monitor the outcomes or side effects, would enhance the learning experience."
The instructional videos on clinical procedures were beneficial.,The practical video demonstrations were beneficial for my understanding.,Increase the number of practical clinical demonstrations.
"Every session was enlightening. Initially, the assessments appeared quite demanding, especially since my background is in a distinct field. The questions in the assessments demanded not just familiarity with the session content, but also a more profound comprehension. Despite the initial difficulty, it was beneficial to delve into additional resources and witness my comprehension evolve. The assessments were truly insightful.",A particular visual representation that detailed precision treatments was quite beneficial - it encapsulated the information and aided in organizing it.,"It would be beneficial to clarify earlier on that the quizzes are designed not just to evaluate the material covered in lectures and readings, but also to facilitate deeper comprehension and encourage active problem-solving."
The instructor,The review of prior material at the beginning of each new session.,
The visual summaries provided at the end of each session were highly beneficial. It would be advantageous if these could be compiled into a document for future reference.,The practical application aspect was particularly beneficial. It's always enlightening to understand the broader scenarios where our acquired knowledge is relevant.,The phrasing of the questions is quite convoluted and lengthy. It would be beneficial to make them more straightforward and easier to understand.
"The sections on natural immune responses, the role of supportive immune cells, the mechanisms and roles of immune proteins, hypersensitivity reactions, the connections between various health conditions, and the processes of pathogen detection and immune response enhancement.","The sections on natural immunity, the role of T helper cells, the mechanisms and roles of antibodies, hypersensitivity reactions, the connections between various diseases, and the processes of antigen identification and costimulatory signals.",The topics of pathology and immune treatments could be elaborated upon more thoroughly.
The substance and delivery of the material were excellent.,The section on body's defense mechanisms was explained effectively.,Satisfactory program
"The additional resources provided, such as study guides and vocabulary lists, were extremely beneficial for independent revision. It's advantageous to have an abundance of these materials.",Going over and self-assessing using the provided resources.,Delve deeper into the subject matter! It would be engaging to explore additional intricacies.
The practical applications were quite engaging and aided in grasping the ideas and their significance within the realm of medical practice.,The assessments and interactive forums contributed significantly to my understanding of the subject matter.,Enhance the complexity and substance of the material. It would be beneficial to include more practical exercises. Perhaps a small-scale project that requires us to utilize what we've learned in a real-world scenario.
the instructor's clear summaries of ideas,utilize fundamental principles in the operation of various systems,the segments on correlation were excessively lengthy
Gaining knowledge from specialists in the industry.,Challenging assignments facilitated hands-on experience,Perhaps include additional content on the creation of novel medications.
,,
illustrations,Diagrams,Simpler topics
The course content on cutting-edge treatments within the field of immune-based cancer therapies was outstanding.,Quiz,
"The program offered outstanding visual aids and additional resources that enhanced comprehension of the principles, surpassing mere textbook learning.","As someone who learns best through visual means, I found the multimedia elements like instructional videos and graphical representations to be particularly beneficial.",It would be beneficial to include additional hands-on activities.
"The instructional animations and the variety of engaging multimedia resources were excellent, making the material straightforward and comprehensible.","The instructional recordings. These materials were exceptional, featuring actual individuals and depicting the daily tasks in a clinical/genetic laboratory.","It would be beneficial to include additional video content covering more detailed subjects, as previously suggested."
"diversity of instructional materials utilized, including video depictions of actual events",engaging multimedia content and instructional recordings provided by the faculty,-
the course is engaging and includes numerous simulations,studying genetic variations,Condensed recapitulations could be more brief and incorporate additional practical examples.
The course was structured clearly. Found every lecture to be engaging.,Instructional healthcare recordings,Incorporate additional engaging activities that involve student participation.
The hands-on components,The hands-on components,Its perfect this way
"I genuinely appreciated the succinctness of the curriculum. The fundamental principles taught are crucial for making important decisions in the future. I believe the instructor was outstanding and had a calming demeanor, which in turn made me feel at ease. The incorporation of various healthcare settings and interactions with patients significantly contributed to the thought process and highlighted the competencies necessary for precise diagnoses.","The structured timetable and consistent evaluations were highlights for me. I would recommend making the instruction to 'choose a pair of options' more visible, as it was occasionally overlooked. The combination of theoretical learning through written materials and oral presentations, along with the visual aids and the platform's interactive elements, was particularly beneficial. I found the entire experience quite engaging.",The sole improvement I'd suggest is to emphasize the requirement to choose two responses by making it bold.
I appreciated gaining knowledge about the roles of both B and T cells in the functioning of our immune defense.,The multimedia presentations and course segments were instrumental in deepening my comprehension of the various topics.,Improving the clarity of the video lectures.
good,beneficial,good
the engaging online activities,hands-on exercises that demonstrated the physiological impacts in response to varying environmental conditions,It would be beneficial to have additional mock tests available for the concluding assessment.
"The highlight of this educational experience was undoubtedly the clarity with which the material was presented, facilitating the retention of key points. The structured progression of the topics and the emphasis on core concepts were particularly appreciated. Additionally, commendations are due to the entire teaching team for their ability to inspire and evoke a sense of wonder about the subject matter, even through the digital medium of a screen.",I think the inquiries posed and the subsequent elucidations were the most beneficial in solidifying my understanding.,"One area for enhancement would be the practical component. It would be beneficial to observe a greater variety of cases and delve deeper into the practical applications. For instance, exploring a range of treatments for various medical conditions (which were only briefly mentioned) and strategies for monitoring treatment effectiveness, including the appropriate duration to wait before considering an alternative treatment."
"The most beneficial aspect of the class was the application of biochemical concepts to practical scenarios, such as metabolic disorders and inflammatory conditions. These illustrations significantly enhanced my comprehension of the material.","The application of biochemical concepts to practical scenarios, such as metabolic disorders like diabetes and gout, greatly enhanced my understanding.",This course is already excellent and does not require enhancements. I feel that it successfully conveyed all the intended educational objectives.
The ability to consolidate learning across various assessments and the inclusion of review questions that emphasize key concepts was highly beneficial.,The frequent review of ideas and the clarification of incorrect responses,Incorporating a mid-term assessment could be beneficial for identifying which topics require further study to ensure a comprehensive understanding of all concepts.
The practical application aspect was beneficial for grasping the fundamental ideas.,Clinical linkage,None
I appreciated learning about the natural killer cell functions and the techniques related to tissue staining.,The multimedia content that connected with practical clinical scenarios.,"In previous foundational science courses, I found the study materials to be more effective. The instructional videos in this course were notably brief, and the note-taking space provided was excessively ample."
The subject matter and the assessments contributed to a clearer comprehension of the content.,The quizzes,Ensure that all subjects tested in quizzes are thoroughly discussed in the course material.
I appreciated the graphical representations of key immunological reactions and the robust correlations to relevant content presented in the sections discussing disease associations.,"The clear visual aids provided by the educator were highly beneficial for understanding the principles, and the consistent assessments enhanced my learning.",Incorporating a live tutoring option during video playback could be beneficial.
The most engaging aspects included the hands-on activities and the explanatory videos that simplified complex topics.,The hands-on components of the course,
"The practical application sessions involving real-world patient scenarios (immune therapy techniques, cellular therapy) were outstanding.",Quizzes,Incorporating information about the latest treatment methods would be beneficial.
"The employment-related video, the epidemic scenario in a South Asian country video. The fundamental principles. The practical case studies concerning neurological disorders and cardiac insufficiency.",The fundamental ideas and the practical scenarios provided valuable insights.,"I was dissatisfied with the fact that the final examination's questions and the preparatory assessment's questions were more aligned with an advanced biochemical studies curriculum, as opposed to a focus on medical or clinical applications. A better integration of one instructor's approach with another's could enhance the course to more closely align with my initial expectations."
The illustrative animations clarified the main ideas effectively. The foundational exercises were also quite beneficial.,"Personally, jotting down the main ideas is crucial. Viewing the lecture recordings aids comprehension, but retention of details is lacking unless I take notes. The provided outlines were beneficial in gathering and synthesizing the principal ideas.","At times, the language used by different presenters seemed to differ significantly (unfortunately, I cannot recall a particular instance). It might be beneficial to ensure consistency in the language across different presentations or instructional videos."
I found the multimedia content and interactive quizzes to be beneficial.,The multimedia content and accompanying quizzes.,It would be beneficial to provide a handout that allows for student annotations instead of just a page with empty spaces adjacent to key concepts.
"The most advantageous aspects of the course included its digital format and the adaptability regarding the timing for completing various segments. This flexibility was particularly beneficial for me as a full-time employee, as it enabled consistent participation in the course that would have been challenging otherwise.","I found the multimedia presentations in the curriculum particularly beneficial, especially those that concentrated on the practical use of various treatment methods, as well as the general dialogues concerning patient experiences.","It would be beneficial if the course content could be aggregated into a downloadable PDF format for future reference. While I have taken notes, having a compiled resource would be advantageous. I recognize that due to the course's heavy reliance on video content, this may pose a challenge. The diagrams provided were especially helpful."
all of it,a certain section,idk
The instructors,everything,nothing
The provision of structured outlines that facilitated the capture of key points in a succinct manner.,The option to adjust video playback speed and the provision of materials for note transcription.,Not much.
I really appreciated the detailed discussions about the clinical settings.,"Certainly, the incremental presentation of fundamental ideas.",Consider expanding the curriculum with additional subjects.
"The practical application sessions were a valuable aspect of the course, effectively concluding each module by demonstrating the relevance of the material to practical scenarios.","The chance to engage with the material through hands-on activities, such as genetic diagrams and probability grids, was quite beneficial and enjoyable. It provided a refreshing change from the standard multiple-choice tests.","I found myself more anxious about the final assessment than necessary. The quizzes during the course were consistently demanding and occasionally introduced concepts not previously discussed (I don't remember going over a particular genetic replication process or patterns of inheritance in class, yet these topics frequently appeared in quizzes. Additionally, there was a minor error in the final assessment. One item mentioned a particular genetic sequence, but the possible answers listed it with a different spelling. This was a slight distraction and somewhat irritating."
The organization and presentation of the subject matter were highly effective for educational purposes.,The presentation of each online lecture.,
"The highlights included studying early developmental screenings, genetic imprinting assessments, and enhancing the categorization of genetic variations.",the segments involving the insights from the course instructors,"nothing, the course is already excellent"
"practical case studies, effective educators who communicated the concepts well, the engaging animated opening segments",The multimedia presentations and their integration with the theoretical concepts we studied,"Even when one accelerates the playback of the lecture recordings, this action should be acknowledged."
Concise and effectively demonstrated discussions on challenging subjects.,Quizzes and assessments.,To broaden the curriculum with additional subjects on innovative therapies for cancer.
Professionals engaging with clients,The instructional recordings,No improvements necessary.
Studying the underlying causes of various health conditions and the associated chemical processes.,"The practice questions following the instructional videos and the inclusion of topics from previous sections in new quiz questions were effective in reinforcing the material. This method of repetition is excellent. Implementing a similar approach for standardized medical examinations would be very beneficial! I'm open to contributing to the development of such resources, given my experience with academic assessments. This experience has been thoroughly enjoyable.","It would be beneficial to incorporate additional pathological conditions into the curriculum. Presenting a condition and then delving into its biochemical underpinnings would be highly valuable, as it would allow us to understand prevalent diseases and the relevant biochemical concepts for that particular session."
"I appreciated the clarity and visual aids provided in the course, which simplified complex topics such as cellular processes, hereditary traits, oncology principles, and DNA analysis. These tools made the material more accessible, especially compared to the challenge of deciphering academic papers and other scientific texts on my own.","The graphical representations - when concepts were illustrated and the comprehensive exploration, it assisted in transforming abstract ideas into a solid comprehension.","The pace of the instructional videos was quite rapid, leading me to frequently stop and rewatch segments to fully grasp the lecturer's points. Additionally, it would be beneficial to have more comprehensive notes accompanying each video, or an expanded outline that includes more than the provided three key takeaways."
The most significant aspect that I appreciated in this course was the foundational knowledge of immunotherapy mechanisms. The concepts of immune checkpoints were enlightening. Fundamentals of cellular immunotherapy and its constituents were also beneficial.,The fundamental principles of immunotherapies such as PD-1 inhibitors and their role in empowering T cells to target cancerous growths. The interactive visual aids and multimedia content were beneficial.,"I believe the sections on immunotherapy could use enhancement. Instead of primarily focusing on discussions, incorporating more visual multimedia elements to illustrate concepts would be beneficial. Additionally, the curriculum should be updated to include the most recent advancements, treatments, clinical studies, and the distinct characteristics that set apart various immunotherapies. Expanding on the subject matter to cover the mechanisms of immunotherapy combinations, as well as the interplay between immunotherapeutic and non-immunotherapeutic approaches, would also be valuable."
"I valued the advanced nature of the teaching (it wasn't overly simplistic), and I was particularly fond of the autonomy in progressing at a pace that suited my personal timetable.","I appreciated the diverse instructional approaches (textual analysis vs. investigative work vs. inquiry vs. multimedia presentations vs. dialogues with individuals and their supporters, etc.), and I valued how the education was connected to real-world scenarios and health-related themes.","Some of the queries posed in the course materials, including a couple on the final assessment, were quite perplexing. Enhancements could be made to the interactive components of the class, particularly the inquiry submission feature. It would be beneficial if the 'Submit a query' function automatically populated with contextual information. Pinpointing the exact part of the class content relevant to my question was challenging, and it seemed to be a common issue. While the forums for questions and discussions appeared to be linked to the correct section of the class, the breadth of the topics sometimes made it hard to associate the discussions with the specific content or subject matter."
"The course was informative, though it required more time than anticipated for those without prior background. Balancing a full-time job with the additional hours needed for the course was quite demanding, particularly towards the conclusion when the workload intensified. Nevertheless, the knowledge gained was substantial, and the delivery by the educators was of high quality. However, I noticed that certain examination questions seemed to extend beyond the material covered in the course. For instance, the classification of certain pathogens and the specifics of donor-recipient compatibility in medical procedures were mentioned but not thoroughly explained.",Graphical representations used in the course.,The feedback provided does not contain any content to be modified.
"The visual illustrations were excellent for grasping the central ideas, and the practical usage scenarios were both engaging and informative.",The instructor's consistent efforts to enhance medication administration techniques were highly impactful.,"none, all very good"
,,
the practical aspects of medical assessments. Grasping the constraints of diagnostic procedures. Reasons for uncertain outcomes from certain examinations.,"The animated video content was beneficial. As someone who learns best visually, I found them to be quite supportive.","Additional content and case studies from data analysis repositories would be beneficial. Further insights into the application of computational algorithms and the challenges faced, including the verification of assessments, would also be appreciated."
"I appreciated the concise segmented presentations, the assessments following each segment, and the practical case studies provided.",The assessments following each instructional segment.,Include additional questions in the quizzes.
The instructional videos connecting theory to practice,The segments on genetic inheritance patterns and the genetic makeup of human populations,"I found the entire segment of the course to be engaging. Thus, I cannot pinpoint any specific improvements."
All aspects are highly engaging,The illustrative cases and instructional videos significantly contributed to my understanding.,No specific improvements suggested.
"Explored an extensive range of topics pertinent to the field, providing a comprehensive educational experience. The schedule allowed ample time for completion, avoiding a hurried atmosphere, and the material presented was substantial.",The assessments following each lecture were instrumental in enhancing my comprehension.,The course could benefit from a deeper exploration of next-generation sequencing techniques.
The participatory elements were the highlight for me. The online course was excellently crafted and engaging. The promptness in addressing inquiries was commendable. Kudos to the crew!,Providing detailed answers to inquiries,Expanding on the subject matter could aid in early comprehension of the principles.
I appreciated the engaging nature of the course.,The opportunity to self-test during the class sessions was the most effective in solidifying my understanding of the content.,It would be beneficial to include more interactive elements.
"The key factors that made this course appealing were the comprehensive resources provided, including video content, instructional materials, and support documents that facilitated theoretical understanding. Additionally, the opportunity to engage with various practical situations in the laboratory setting, where we could implement the learned principles, was highly beneficial.","I find that consistent assessments are crucial for gauging true understanding of the fundamental ideas. Additionally, the practical sessions in the laboratory were beneficial as they allowed us to gauge our grasp of the theoretical material.","Incorporate a wider range of examples to clarify the topics, and consider adding subtitles in other languages to assist learners who aren't fluent in English."
"Excellent blend of conceptual understanding, real-world illustrations, and examination queries that test your comprehension.",Clear breakdown of intricate subjects.,It would be beneficial to have ongoing access to the course content for future reference and review.
Everything was outstanding!!! Numerous networking opportunities,The introductory videos were excellent. They elucidated all concepts with clarity.,Outstanding!
Illustrative videos and discussions with healthcare professionals and individuals receiving care were highlights.,The use of animated content and regular assessments,Incorporating a segment for students eager to delve deeper into the subject matter would be beneficial.
The practical sessions and case studies helped deepen my comprehension of pharmacological toxicity and the negative effects of medications. Learning about how substances influence physiological processes was particularly enlightening.,"The autonomous study format fostered my analytical skills, enhanced my practical abilities, and bolstered my proficiency in contemporary educational techniques.",I cannot identify any drawbacks in this introductory course.
"The entirety of the course was highly engaging, with a particular interest in the study of bodily functions, especially those related to the kidneys. Initially, there were challenges in understanding heart and lung functions, but the course's emphasis on these areas has significantly improved comprehension and confidence.","I believe the practical scenarios included in the assessments, the hands-on segments in the lab sessions, and the comprehensive explanations provided by the course facilitator significantly enhanced my understanding of the subject matter. The structure of the course, which presents real-world medical cases and encourages the development of diagnostic thinking, stands out as the most valuable aspect of my learning experience.","Incorporating additional content on renal physiology, endocrinology, and immunology would be beneficial."
"Visual materials and educational resources, organized to reinforce understanding.",Brief instructional clips and periodic assessments,"It would be beneficial to include more visual aids from the lecture recordings in the learning materials, along with designated spaces for note-taking. Furthermore, the inclusion of pagination in the study resources would be helpful. It would also be advantageous to broaden the scope of the subject matter covered in the course to encompass a wider range of contemporary topics beyond the currently emphasized ones."
visual illustrations,visual illustrations,"At times, the typeface selected for the materials is challenging to decipher."
I think the fundamental principles and their direct application in a professional setting were the highlights of the program.,The fundamental principles and practical work scenarios/case studies,Certain sections of the study materials were not always pertinent.
The most beneficial aspect of the class was the incorporation of real-world clinical scenarios into every lecture.,The illustrations presented in the video lectures aided in visualizing the concepts being taught.,The class was excellent.
,,
I appreciated the visual illustrations of the main ideas presented by the instructor at the start of each session.,As previously stated.,It would be beneficial if the subtitles for each video were made selectable for copying.
"the recent courses on immune-targeted cancer treatments, cellular immunotherapies, and viral oncology studies.",It would be beneficial to incorporate additional practical case studies.,Incorporate additional multimedia presentations regarding practical patient scenarios and extend the dialogues concerning the potential difficulties and benefits of emerging treatments.
The instructional recordings were exceptionally lucid and well-structured.,The summary questions at the end of each module were instrumental in highlighting the key points to remember from the material covered.,The course was excellent. Additional study resources would be beneficial.
Acquire a solid base for future studies in the medical field.,The graphical presentations and the engagements with individuals were particularly beneficial.,"Enhancing the clarity of the subject matter with more comprehensive descriptions and incorporating additional visual aids could be beneficial. Occasionally, the material was presented without sufficient depth, necessitating independent study to grasp the topics fully."
Detailed illustrations and high-quality visual content.,The lectures!,The course could benefit from additional learning resources.
